[{"pk": 1, "model": "stories.storytype", "fields": {"template": null, "section": 3, "prodsys_mappe": "\u00e5r", "name": "50 \u00e5r siden"}}, {"pk": 2, "model": "stories.storytype", "fields": {"template": null, "section": 2, "prodsys_mappe": "adnotam", "name": "Ad notam"}}, {"pk": 3, "model": "stories.storytype", "fields": {"template": null, "section": 4, "prodsys_mappe": "anmeldelser", "name": "Anmeldelse (liten)"}}, {"pk": 4, "model": "stories.storytype", "fields": {"template": null, "section": 4, "prodsys_mappe": "hovedanmeldelse", "name": "Anmeldelse (stor)"}}, {"pk": 5, "model": "stories.storytype", "fields": {"template": null, "section": 3, "prodsys_mappe": "frampeik", "name": "Bakp\u00e5 nyhetene"}}, {"pk": 6, "model": "stories.storytype", "fields": {"template": null, "section": 2, "prodsys_mappe": "omverden", "name": "Ekspertintervjuet"}}, {"pk": 7, "model": "stories.storytype", "fields": {"template": null, "section": 3, "prodsys_mappe": "fempaaplassen", "name": "Fem p\u00e5 plassen"}}, {"pk": 8, "model": "stories.storytype", "fields": {"template": null, "section": 3, "prodsys_mappe": "forside", "name": "Forside (hovedsak)"}}, {"pk": 9, "model": "stories.storytype", "fields": {"template": null, "section": 3, "prodsys_mappe": "forsidestolpe", "name": "Forside (stolpe)"}}, {"pk": 10, "model": "stories.storytype", "fields": {"template": null, "section": 3, "prodsys_mappe": "kommentar", "name": "Kommentar"}}, {"pk": 11, "model": "stories.storytype", "fields": {"template": null, "section": 5, "prodsys_mappe": "kronikk", "name": "Kronikk"}}, {"pk": 12, "model": "stories.storytype", "fields": {"template": null, "section": 2, "prodsys_mappe": "kultur", "name": "Kultur"}}, {"pk": 13, "model": "stories.storytype", "fields": {"template": null, "section": 2, "prodsys_mappe": "kultur", "name": "Kultur undersak"}}, {"pk": 14, "model": "stories.storytype", "fields": {"template": null, "section": 2, "prodsys_mappe": "kulturkommentar", "name": "Kulturkommentar"}}, {"pk": 15, "model": "stories.storytype", "fields": {"template": null, "section": 2, "prodsys_mappe": "kulturnotis", "name": "Kulturnotis"}}, {"pk": 16, "model": "stories.storytype", "fields": {"template": null, "section": 6, "prodsys_mappe": "leder", "name": "Leder"}}, {"pk": 17, "model": "stories.storytype", "fields": {"template": null, "section": 5, "prodsys_mappe": "leserbrev", "name": "Leserbrev"}}, {"pk": 18, "model": "stories.storytype", "fields": {"template": null, "section": 7, "prodsys_mappe": "magasin", "name": "Magasin"}}, {"pk": 19, "model": "stories.storytype", "fields": {"template": null, "section": 7, "prodsys_mappe": "magasin", "name": "Magasin undersak"}}, {"pk": 20, "model": "stories.storytype", "fields": {"template": null, "section": 3, "prodsys_mappe": "masterintervjuet", "name": "Masterintervjuet"}}, {"pk": 21, "model": "stories.storytype", "fields": {"template": null, "section": 3, "prodsys_mappe": "minstudietid", "name": "Min Studietid"}}, {"pk": 22, "model": "stories.storytype", "fields": {"template": null, "section": 5, "prodsys_mappe": "web", "name": "Nettdebatt"}}, {"pk": 23, "model": "stories.storytype", "fields": {"template": null, "section": 3, "prodsys_mappe": "news", "name": "News"}}, {"pk": 24, "model": "stories.storytype", "fields": {"template": null, "section": 3, "prodsys_mappe": "nyhet", "name": "Nyhet"}}, {"pk": 25, "model": "stories.storytype", "fields": {"template": null, "section": 3, "prodsys_mappe": "nyhet", "name": "Nyhet undersak"}}, {"pk": 26, "model": "stories.storytype", "fields": {"template": null, "section": 3, "prodsys_mappe": "nyhetsnotis", "name": "Nyhetsnotis"}}, {"pk": 27, "model": "stories.storytype", "fields": {"template": null, "section": 8, "prodsys_mappe": "petit", "name": "Petit"}}, {"pk": 28, "model": "stories.storytype", "fields": {"template": null, "section": 4, "prodsys_mappe": "plakaten", "name": "Plakaten"}}, {"pk": 29, "model": "stories.storytype", "fields": {"template": null, "section": 9, "prodsys_mappe": "quiz", "name": "Quiz"}}, {"pk": 30, "model": "stories.storytype", "fields": {"template": null, "section": 9, "prodsys_mappe": "rebus", "name": "Rebus"}}, {"pk": 31, "model": "stories.storytype", "fields": {"template": null, "section": 6, "prodsys_mappe": "signert", "name": "Signert"}}, {"pk": 32, "model": "stories.storytype", "fields": {"template": null, "section": 6, "prodsys_mappe": "sitatet", "name": "Sitatet"}}, {"pk": 33, "model": "stories.storytype", "fields": {"template": null, "section": 5, "prodsys_mappe": "sms", "name": "SMS"}}, {"pk": 34, "model": "stories.storytype", "fields": {"template": null, "section": 5, "prodsys_mappe": "twitter", "name": "Twitter"}}, {"pk": 35, "model": "stories.storytype", "fields": {"template": null, "section": 4, "prodsys_mappe": "advarsel", "name": "Ukas Advarsel"}}, {"pk": 36, "model": "stories.storytype", "fields": {"template": null, "section": 4, "prodsys_mappe": "utvalgte", "name": "Ukas Anbefaling"}}, {"pk": 37, "model": "stories.storytype", "fields": {"template": null, "section": 9, "prodsys_mappe": "vispor", "name": "Vi sp\u00f8r"}}, {"pk": 38, "model": "stories.storytype", "fields": {"template": null, "section": 6, "prodsys_mappe": "oyeblikket", "name": "\u00d8yeblikket"}}, {"pk": 39, "model": "stories.storytype", "fields": {"template": null, "section": 8, "prodsys_mappe": "studietid", "name": "Reportasje"}}, {"pk": 40, "model": "stories.storytype", "fields": {"template": null, "section": 3, "prodsys_mappe": "annet", "name": "Annet"}}, {"pk": 1, "model": "stories.section", "fields": {"title": "Nyheter"}}, {"pk": 2, "model": "stories.section", "fields": {"title": "Kultur"}}, {"pk": 3, "model": "stories.section", "fields": {"title": "Nyhet"}}, {"pk": 4, "model": "stories.section", "fields": {"title": "Anmeldelser"}}, {"pk": 5, "model": "stories.section", "fields": {"title": "Debatt"}}, {"pk": 6, "model": "stories.section", "fields": {"title": "Side2"}}, {"pk": 7, "model": "stories.section", "fields": {"title": "Magasin"}}, {"pk": 8, "model": "stories.section", "fields": {"title": "Feature"}}, {"pk": 9, "model": "stories.section", "fields": {"title": "Baksiden"}}, {"pk": 1, "model": "stories.prodsystag", "fields": {"html_tag": "p", "xtag": "@txt:", "html_class": ""}}, {"pk": 2, "model": "stories.prodsystag", "fields": {"html_tag": "h2", "xtag": "@ml:", "html_class": "mellomtittel"}}, {"pk": 3, "model": "stories.prodsystag", "fields": {"html_tag": "p", "xtag": "@sitat:", "html_class": "sitat"}}]