[{"pk": 1, "fields": {"prodsys_mappe": "vispor", "section": 6, "name": "Vi sp\u00f8r", "template": null}, "model": "stories.storytype"}, {"pk": 2, "fields": {"prodsys_mappe": "nyhet", "section": 1, "name": "Nyhet", "template": null}, "model": "stories.storytype"}, {"pk": 3, "fields": {"prodsys_mappe": "leserbrev", "section": 4, "name": "Leserbrev", "template": null}, "model": "stories.storytype"}, {"pk": 4, "fields": {"prodsys_mappe": "omverden", "section": 1, "name": "Omverden", "template": null}, "model": "stories.storytype"}, {"pk": 5, "fields": {"prodsys_mappe": "studietid", "section": 9, "name": "Studietid", "template": null}, "model": "stories.storytype"}, {"pk": 6, "fields": {"prodsys_mappe": "velkomstbilag", "section": 2, "name": "Velkomstbilag", "template": null}, "model": "stories.storytype"}, {"pk": 7, "fields": {"prodsys_mappe": "kommentar", "section": 7, "name": "Kommentar", "template": null}, "model": "stories.storytype"}, {"pk": 8, "fields": {"prodsys_mappe": "anmeldelser", "section": 8, "name": "Anmeldelse", "template": null}, "model": "stories.storytype"}, {"pk": 9, "fields": {"prodsys_mappe": "kronikk", "section": 4, "name": "Kronikk", "template": null}, "model": "stories.storytype"}, {"pk": 10, "fields": {"prodsys_mappe": "kultur", "section": 3, "name": "Kultur", "template": null}, "model": "stories.storytype"}, {"pk": 11, "fields": {"prodsys_mappe": "leder", "section": 7, "name": "Leder", "template": null}, "model": "stories.storytype"}, {"pk": 12, "fields": {"prodsys_mappe": "magasin", "section": 2, "name": "Magasin", "template": null}, "model": "stories.storytype"}, {"pk": 13, "fields": {"prodsys_mappe": "petit", "section": 2, "name": "Petit", "template": null}, "model": "stories.storytype"}, {"pk": 14, "fields": {"prodsys_mappe": "minstudietid", "section": 9, "name": "Min studietid", "template": null}, "model": "stories.storytype"}, {"pk": 15, "fields": {"prodsys_mappe": "adnotam", "section": 6, "name": "Ad Notam", "template": null}, "model": "stories.storytype"}, {"pk": 16, "fields": {"prodsys_mappe": "hvaskjer", "section": 8, "name": "Hva skjer", "template": null}, "model": "stories.storytype"}, {"pk": 17, "fields": {"prodsys_mappe": "nett", "section": 5, "name": "Nett", "template": null}, "model": "stories.storytype"}, {"pk": 18, "fields": {"prodsys_mappe": "news", "section": 1, "name": "News", "template": null}, "model": "stories.storytype"}, {"pk": 19, "fields": {"prodsys_mappe": "oyeblikket", "section": 7, "name": "\u00d8yeblikket", "template": null}, "model": "stories.storytype"}, {"pk": 20, "fields": {"prodsys_mappe": "sms", "section": 4, "name": "SMS", "template": null}, "model": "stories.storytype"}, {"pk": 21, "fields": {"prodsys_mappe": "debatt", "section": 4, "name": "Debatt", "template": null}, "model": "stories.storytype"}, {"pk": 22, "fields": {"prodsys_mappe": "reportasje", "section": 9, "name": "Reportasje", "template": null}, "model": "stories.storytype"}, {"pk": 23, "fields": {"prodsys_mappe": "akademia", "section": 3, "name": "Akademia", "template": null}, "model": "stories.storytype"}, {"pk": 1, "fields": {"title": "Nyheter"}, "model": "stories.section"}, {"pk": 2, "fields": {"title": "Magasin"}, "model": "stories.section"}, {"pk": 3, "fields": {"title": "Kultur"}, "model": "stories.section"}, {"pk": 4, "fields": {"title": "Debatt"}, "model": "stories.section"}, {"pk": 5, "fields": {"title": "Nett"}, "model": "stories.section"}, {"pk": 6, "fields": {"title": "Baksiden"}, "model": "stories.section"}, {"pk": 7, "fields": {"title": "Side 2"}, "model": "stories.section"}, {"pk": 8, "fields": {"title": "Anmeldelser"}, "model": "stories.section"}, {"pk": 9, "fields": {"title": "Feature"}, "model": "stories.section"}, {"pk": 1, "fields": {"html_tag": "p", "xtag": "txt", "html_class": "txt"}, "model": "markup.prodsystag"}, {"pk": 2, "fields": {"html_tag": "p", "xtag": "spm", "html_class": "spm"}, "model": "markup.prodsystag"}, {"pk": 3, "fields": {"html_tag": "p", "xtag": "mt", "html_class": "mt"}, "model": "markup.prodsystag"}, {"pk": 4, "fields": {"html_tag": "p", "xtag": "sitat", "html_class": "sitat"}, "model": "markup.prodsystag"}, {"pk": 5, "fields": {"html_tag": "p", "xtag": "fakta", "html_class": "fakta"}, "model": "markup.prodsystag"}, {"pk": 6, "fields": {"html_tag": "p", "xtag": "li", "html_class": "li"}, "model": "markup.prodsystag"}, {"pk": 7, "fields": {"html_tag": "p", "xtag": "tingo", "html_class": "tingo"}, "model": "markup.prodsystag"}, {"pk": 8, "fields": {"html_tag": "p", "xtag": "sit", "html_class": "sit"}, "model": "markup.prodsystag"}, {"pk": 9, "fields": {"html_tag": "p", "xtag": "navn", "html_class": "navn"}, "model": "markup.prodsystag"}, {"pk": 10, "fields": {"html_tag": "p", "xtag": "bt", "html_class": "bt"}, "model": "markup.prodsystag"}, {"pk": 11, "fields": {"html_tag": "p", "xtag": "sitatbyline", "html_class": "sitatbyline"}, "model": "markup.prodsystag"}, {"pk": 12, "fields": {"html_tag": "p", "xtag": "fak1", "html_class": "fak1"}, "model": "markup.prodsystag"}, {"pk": 13, "fields": {"html_tag": "p", "xtag": "fak2", "html_class": "fak2"}, "model": "markup.prodsystag"}, {"pk": 14, "fields": {"html_tag": "p", "xtag": "tit", "html_class": "tit"}, "model": "markup.prodsystag"}, {"pk": 15, "fields": {"html_tag": "p", "xtag": "bln", "html_class": "bln"}, "model": "markup.prodsystag"}, {"pk": 16, "fields": {"html_tag": "p", "xtag": "faktaboks", "html_class": "faktaboks"}, "model": "markup.prodsystag"}, {"pk": 17, "fields": {"html_tag": "p", "xtag": "husk", "html_class": "husk"}, "model": "markup.prodsystag"}]