[
{
  "pk": 14,
  "model": "markup.blocktag",
  "fields": {
    "start_tag": "@mt:",
    "action": "append:",
    "html_tag": "h3",
    "html_class": "mellomtittel"
  }
},
{
  "pk": 15,
  "model": "markup.blocktag",
  "fields": {
    "start_tag": "",
    "action": "append:",
    "html_tag": "p",
    "html_class": ""
  }
},
{
  "pk": 16,
  "model": "markup.blocktag",
  "fields": {
    "start_tag": "@txt:",
    "action": "append:",
    "html_tag": "p",
    "html_class": ""
  }
},
{
  "pk": 17,
  "model": "markup.blocktag",
  "fields": {
    "start_tag": "@bl:",
    "action": "new:byline",
    "html_tag": "li",
    "html_class": "byline"
  }
},
{
  "pk": 18,
  "model": "markup.blocktag",
  "fields": {
    "start_tag": "@headline:",
    "action": "append:title",
    "html_tag": "h1",
    "html_class": ""
  }
},
{
  "pk": 19,
  "model": "markup.blocktag",
  "fields": {
    "start_tag": "@ing:",
    "action": "append:lede",
    "html_tag": "p",
    "html_class": "lede"
  }
},
{
  "pk": 20,
  "model": "markup.blocktag",
  "fields": {
    "start_tag": "@stikktit:",
    "action": "append:kicker",
    "html_tag": "h2",
    "html_class": "kicker"
  }
},
{
  "pk": 21,
  "model": "markup.blocktag",
  "fields": {
    "start_tag": "@tema:",
    "action": "append:theme_word",
    "html_tag": "p",
    "html_class": "theme"
  }
},
{
  "pk": 23,
  "model": "markup.blocktag",
  "fields": {
    "start_tag": "@sitat:",
    "action": "new:pullquote",
    "html_tag": "bq",
    "html_class": "pullquote"
  }
},
{
  "pk": 24,
  "model": "markup.blocktag",
  "fields": {
    "start_tag": "@fakta:",
    "action": "new:aside",
    "html_tag": "h2",
    "html_class": "facts"
  }
},
{
  "pk": 25,
  "model": "markup.blocktag",
  "fields": {
    "start_tag": "@spm:",
    "action": "append:",
    "html_tag": "p",
    "html_class": "question"
  }
},
{
  "pk": 26,
  "model": "markup.blocktag",
  "fields": {
    "start_tag": "@tingo:",
    "action": "append:",
    "html_tag": "p",
    "html_class": "tingo"
  }
},
{
  "pk": 27,
  "model": "markup.blocktag",
  "fields": {
    "start_tag": "@tit:",
    "action": "append:title",
    "html_tag": "h2",
    "html_class": "subheading"
  }
},
{
  "pk": 28,
  "model": "markup.blocktag",
  "fields": {
    "start_tag": "@sitatbyline:",
    "action": "append:",
    "html_tag": "p",
    "html_class": "by"
  }
},
{
  "pk": 29,
  "model": "markup.blocktag",
  "fields": {
    "start_tag": "@li:",
    "action": "append:",
    "html_tag": "ul>li",
    "html_class": ""
  }
},
{
  "pk": 30,
  "model": "markup.blocktag",
  "fields": {
    "start_tag": "@bt:",
    "action": "append:",
    "html_tag": "p",
    "html_class": "caption"
  }
},
{
  "pk": 67,
  "model": "markup.blocktag",
  "fields": {
    "start_tag": "@svar:",
    "action": "append:",
    "html_tag": "svar",
    "html_class": ""
  }
},
{
  "pk": 125,
  "model": "markup.blocktag",
  "fields": {
    "start_tag": "@box:",
    "action": "append:",
    "html_tag": "p",
    "html_class": ""
  }
},
{
  "pk": 126,
  "model": "markup.blocktag",
  "fields": {
    "start_tag": "@quote:",
    "action": "append:",
    "html_tag": "p",
    "html_class": ""
  }
},
{
  "pk": 127,
  "model": "markup.blocktag",
  "fields": {
    "start_tag": "@image:",
    "action": "append:",
    "html_tag": "p",
    "html_class": ""
  }
},
{
  "pk": 1,
  "model": "markup.inlinetag",
  "fields": {
    "start_tag": "_",
    "end_tag": "_",
    "html_tag": "em",
    "pattern": "_(.+?)_",
    "html_class": "",
    "replacement": "<em>\\1</em>"
  }
},
{
  "pk": 2,
  "model": "markup.inlinetag",
  "fields": {
    "start_tag": "\\*",
    "end_tag": "\\*",
    "html_tag": "strong",
    "pattern": "\\*(.+?)\\*",
    "html_class": "",
    "replacement": "<strong>\\1</strong>"
  }
},
{
  "pk": 3,
  "model": "markup.inlinetag",
  "fields": {
    "start_tag": "__",
    "end_tag": "__",
    "html_tag": "a",
    "pattern": "__(.+?)\\(([^ )]+)\\)__",
    "html_class": "",
    "replacement": "<a href=\"\\2\">\\1</a>"
  }
},
{
  "pk": 1,
  "model": "markup.alias",
  "fields": {
    "pattern": "^@fak[0-9]:",
    "flags": "IM",
    "comment": "Anmeldelsesfakta",
    "ordering": 1,
    "replacement": "# ",
    "flags_sum": 10,
    "timing": 1
  }
},
{
  "pk": 2,
  "model": "markup.alias",
  "fields": {
    "pattern": "[\u2014\u2013-]+",
    "flags": "",
    "comment": "all dashes to n-dash",
    "ordering": 2,
    "replacement": "\u2013",
    "flags_sum": 0,
    "timing": 1
  }
},
{
  "pk": 3,
  "model": "markup.alias",
  "fields": {
    "pattern": "(\\w)\u2013",
    "flags": "L",
    "comment": "n-dash to hyphen when after word.",
    "ordering": 3,
    "replacement": "\\1-",
    "flags_sum": 4,
    "timing": 1
  }
},
{
  "pk": 4,
  "model": "markup.alias",
  "fields": {
    "pattern": "([,\\w]) \u2013(\\w)",
    "flags": "L",
    "comment": "hyphen before word",
    "ordering": 4,
    "replacement": "\\1 -\\2",
    "flags_sum": 4,
    "timing": 1
  }
},
{
  "pk": 5,
  "model": "markup.alias",
  "fields": {
    "pattern": "[\"\u201c\u201d]",
    "flags": "",
    "comment": "proper quotation marks.",
    "ordering": 5,
    "replacement": "\u00bb",
    "flags_sum": 0,
    "timing": 1
  }
},
{
  "pk": 6,
  "model": "markup.alias",
  "fields": {
    "pattern": "\u00bb(\\w)",
    "flags": "",
    "comment": "proper quotation marks.",
    "ordering": 6,
    "replacement": "\u00ab\\1",
    "flags_sum": 0,
    "timing": 1
  }
},
{
  "pk": 7,
  "model": "markup.alias",
  "fields": {
    "pattern": "^(\\W*)[*_]([^*_\\n]*)[*_]$",
    "flags": "M",
    "comment": "inline italic full line.",
    "ordering": 7,
    "replacement": "@spm:\\1\\2",
    "flags_sum": 8,
    "timing": 1
  }
},
{
  "pk": 8,
  "model": "markup.alias",
  "fields": {
    "pattern": "^(\\W*)\\*([^*\\n]*)\\*",
    "flags": "M",
    "comment": "inline bold starts word",
    "ordering": 8,
    "replacement": "@tingo:\\1\\2",
    "flags_sum": 8,
    "timing": 1
  }
},
{
  "pk": 9,
  "model": "markup.alias",
  "fields": {
    "pattern": "(^|@[^:]+:) *[-\u2013] *",
    "flags": "M",
    "comment": "line starts with hyphen. Should be ndash",
    "ordering": 9,
    "replacement": "\\1\u2013 ",
    "flags_sum": 8,
    "timing": 1
  }
},
{
  "pk": 10,
  "model": "markup.alias",
  "fields": {
    "pattern": "\\s*\\n\\s*",
    "flags": "",
    "comment": "trim trailing spaces.",
    "ordering": 10,
    "replacement": "\\n",
    "flags_sum": 0,
    "timing": 1
  }
},
{
  "pk": 11,
  "model": "markup.alias",
  "fields": {
    "pattern": "^(@spm:)?[.a-z]+@[.a-z]+$",
    "flags": "M",
    "comment": " line with only tags, no text.",
    "ordering": 11,
    "replacement": "",
    "flags_sum": 8,
    "timing": 1
  }
},
{
  "pk": 14,
  "model": "markup.alias",
  "fields": {
    "pattern": "^\\@bl\\\u00e5ramme\\:",
    "flags": "ILM",
    "comment": "forklar dette m\u00f8nsteret",
    "ordering": 1,
    "replacement": "@fakta:",
    "flags_sum": 14,
    "timing": 1
  }
},
{
  "pk": 16,
  "model": "markup.alias",
  "fields": {
    "pattern": "^\\@faktatxt\\:",
    "flags": "ILM",
    "comment": "forklar dette m\u00f8nsteret",
    "ordering": 1,
    "replacement": "",
    "flags_sum": 14,
    "timing": 1
  }
},
{
  "pk": 17,
  "model": "markup.alias",
  "fields": {
    "pattern": "^\\@maging\\:",
    "flags": "ILM",
    "comment": "forklar dette m\u00f8nsteret",
    "ordering": 1,
    "replacement": "@ing:",
    "flags_sum": 14,
    "timing": 1
  }
},
{
  "pk": 18,
  "model": "markup.alias",
  "fields": {
    "pattern": "^\\@Sit\\:",
    "flags": "ILM",
    "comment": "forklar dette m\u00f8nsteret",
    "ordering": 1,
    "replacement": "@sitat:",
    "flags_sum": 14,
    "timing": 1
  }
},
{
  "pk": 19,
  "model": "markup.alias",
  "fields": {
    "pattern": "^\\@V\\\u00c5RRENGJ\\\u00d8RING\\:",
    "flags": "ILM",
    "comment": "forklar dette m\u00f8nsteret",
    "ordering": 1,
    "replacement": "",
    "flags_sum": 14,
    "timing": 1
  }
},
{
  "pk": 22,
  "model": "markup.alias",
  "fields": {
    "pattern": "^\\@mtxt\\:",
    "flags": "ILM",
    "comment": "forklar dette m\u00f8nsteret",
    "ordering": 1,
    "replacement": "@mt:",
    "flags_sum": 14,
    "timing": 1
  }
},
{
  "pk": 23,
  "model": "markup.alias",
  "fields": {
    "pattern": "^\\@overtit\\:",
    "flags": "ILM",
    "comment": "forklar dette m\u00f8nsteret",
    "ordering": 1,
    "replacement": "@stikktit:",
    "flags_sum": 14,
    "timing": 1
  }
},
{
  "pk": 25,
  "model": "markup.alias",
  "fields": {
    "pattern": "^\\@txtSvar\\:",
    "flags": "ILM",
    "comment": "Misspelling found during import.",
    "ordering": 1,
    "replacement": "@svar:",
    "flags_sum": 14,
    "timing": 1
  }
},
{
  "pk": 26,
  "model": "markup.alias",
  "fields": {
    "pattern": "^\\@Ill\\:",
    "flags": "ILM",
    "comment": "Misspelling found during import.",
    "ordering": 1,
    "replacement": "@bl: illustrasjon:",
    "flags_sum": 14,
    "timing": 1
  }
},
{
  "pk": 27,
  "model": "markup.alias",
  "fields": {
    "pattern": "^\\@bt\\(U\\)ENIG\\:",
    "flags": "ILM",
    "comment": "Misspelling found during import.",
    "ordering": 1,
    "replacement": "@bt:",
    "flags_sum": 14,
    "timing": 1
  }
},
{
  "pk": 29,
  "model": "markup.alias",
  "fields": {
    "pattern": "^\\@sit\\:",
    "flags": "ILM",
    "comment": "Misspelling found during import.",
    "ordering": 1,
    "replacement": "@sitat:",
    "flags_sum": 14,
    "timing": 1
  }
},
{
  "pk": 30,
  "model": "markup.alias",
  "fields": {
    "pattern": "^\\@FOTO\\:",
    "flags": "ILM",
    "comment": "Misspelling found during import.",
    "ordering": 1,
    "replacement": "@bl: foto:",
    "flags_sum": 14,
    "timing": 1
  }
},
{
  "pk": 31,
  "model": "markup.alias",
  "fields": {
    "pattern": "^\\@magtxt\\:",
    "flags": "ILM",
    "comment": "Misspelling found during import.",
    "ordering": 1,
    "replacement": "@matxt:",
    "flags_sum": 14,
    "timing": 1
  }
},
{
  "pk": 32,
  "model": "markup.alias",
  "fields": {
    "pattern": "^\\@faktaboks\\:",
    "flags": "ILM",
    "comment": "Misspelling found during import.",
    "ordering": 1,
    "replacement": "@fakta:",
    "flags_sum": 14,
    "timing": 1
  }
},
{
  "pk": 34,
  "model": "markup.alias",
  "fields": {
    "pattern": "^\\@bln\\:",
    "flags": "ILM",
    "comment": "Misspelling found during import.",
    "ordering": 1,
    "replacement": "@bt:",
    "flags_sum": 14,
    "timing": 1
  }
},
{
  "pk": 35,
  "model": "markup.alias",
  "fields": {
    "pattern": "^\\@BT\\:",
    "flags": "ILM",
    "comment": "Misspelling found during import.",
    "ordering": 1,
    "replacement": "@bt:",
    "flags_sum": 14,
    "timing": 1
  }
},
{
  "pk": 36,
  "model": "markup.alias",
  "fields": {
    "pattern": "^\\@Fakta\\:",
    "flags": "ILM",
    "comment": "Misspelling found during import.",
    "ordering": 1,
    "replacement": "@fakta:",
    "flags_sum": 14,
    "timing": 1
  }
},
{
  "pk": 37,
  "model": "markup.alias",
  "fields": {
    "pattern": "^\\@bilde\\:",
    "flags": "ILM",
    "comment": "Misspelling found during import.",
    "ordering": 1,
    "replacement": "@bl: foto:",
    "flags_sum": 14,
    "timing": 1
  }
},
{
  "pk": 38,
  "model": "markup.alias",
  "fields": {
    "pattern": "^\\@slagord\\:",
    "flags": "ILM",
    "comment": "Misspelling found during import.",
    "ordering": 1,
    "replacement": "@tema:",
    "flags_sum": 14,
    "timing": 1
  }
},
{
  "pk": 44,
  "model": "markup.alias",
  "fields": {
    "pattern": "^\\@plakdag\\:",
    "flags": "ILM",
    "comment": "Misspelling found during import.",
    "ordering": 1,
    "replacement": "@fakta:",
    "flags_sum": 14,
    "timing": 1
  }
},
{
  "pk": 45,
  "model": "markup.alias",
  "fields": {
    "pattern": "^\\@plaktxt\\:",
    "flags": "ILM",
    "comment": "Misspelling found during import.",
    "ordering": 1,
    "replacement": "@txt:",
    "flags_sum": 14,
    "timing": 1
  }
},
{
  "pk": 46,
  "model": "markup.alias",
  "fields": {
    "pattern": "^\\@temaord\\:",
    "flags": "ILM",
    "comment": "Misspelling found during import.",
    "ordering": 1,
    "replacement": "@tema:",
    "flags_sum": 14,
    "timing": 1
  }
},
{
  "pk": 49,
  "model": "markup.alias",
  "fields": {
    "pattern": "^\\@illustrasjon\\:",
    "flags": "ILM",
    "comment": "Misspelling found during import.",
    "ordering": 1,
    "replacement": "@bl: illustrasjon:",
    "flags_sum": 14,
    "timing": 2
  }
},
{
  "pk": 149,
  "model": "markup.alias",
  "fields": {
    "pattern": "^\\*",
    "flags": "M",
    "comment": "Bullet points",
    "ordering": 1,
    "replacement": "@li:",
    "flags_sum": 8,
    "timing": 2
  }
},
{
  "pk": 150,
  "model": "markup.alias",
  "fields": {
    "pattern": "^\\@temaord\\:",
    "flags": "ILM",
    "comment": "Misspelling found during import.",
    "ordering": 1,
    "replacement": "@tema:",
    "flags_sum": 14,
    "timing": 2
  }
},
{
  "pk": 161,
  "model": "markup.alias",
  "fields": {
    "pattern": "^\\@undersaktit\\:",
    "flags": "ILM",
    "comment": "Misspelling found during import.",
    "ordering": 1,
    "replacement": "@stikktit:",
    "flags_sum": 14,
    "timing": 2
  }
},
{
  "pk": 162,
  "model": "markup.alias",
  "fields": {
    "pattern": "\\n@",
    "flags": "",
    "comment": "Newline before @: tag",
    "ordering": 1,
    "replacement": "\\n\\n@",
    "flags_sum": 0,
    "timing": 4
  }
},
{
  "pk": 163,
  "model": "markup.alias",
  "fields": {
    "pattern": "^\\s*",
    "flags": "",
    "comment": "Newline at start",
    "ordering": 2,
    "replacement": "",
    "flags_sum": 0,
    "timing": 4
  }
},
{
  "pk": 166,
  "model": "markup.alias",
  "fields": {
    "pattern": "^\\@images\\:",
    "flags": "ILM",
    "comment": "Misspelling found during import.",
    "ordering": 1,
    "replacement": "@image:",
    "flags_sum": 14,
    "timing": 2
  }
},
{
  "pk": 1,
  "model": "stories.section",
  "fields": {
    "title": "Nyheter"
  }
},
{
  "pk": 2,
  "model": "stories.section",
  "fields": {
    "title": "Magasin"
  }
},
{
  "pk": 3,
  "model": "stories.section",
  "fields": {
    "title": "Kultur"
  }
},
{
  "pk": 4,
  "model": "stories.section",
  "fields": {
    "title": "Debatt"
  }
},
{
  "pk": 5,
  "model": "stories.section",
  "fields": {
    "title": "Nett"
  }
},
{
  "pk": 6,
  "model": "stories.section",
  "fields": {
    "title": "Baksiden"
  }
},
{
  "pk": 7,
  "model": "stories.section",
  "fields": {
    "title": "Side 2"
  }
},
{
  "pk": 8,
  "model": "stories.section",
  "fields": {
    "title": "Anmeldelser"
  }
},
{
  "pk": 9,
  "model": "stories.section",
  "fields": {
    "title": "Feature"
  }
},
{
  "pk": 10,
  "model": "stories.section",
  "fields": {
    "title": "Annet"
  }
},
{
  "pk": 11,
  "model": "stories.section",
  "fields": {
    "title": "New Section"
  }
},
{
  "pk": 1,
  "model": "stories.storytype",
  "fields": {
    "name": "Vi sp\u00f8r",
    "prodsys_mappe": "vispor",
    "section": 6,
    "template": null
  }
},
{
  "pk": 2,
  "model": "stories.storytype",
  "fields": {
    "name": "Nyhet",
    "prodsys_mappe": "nyhet",
    "section": 1,
    "template": null
  }
},
{
  "pk": 3,
  "model": "stories.storytype",
  "fields": {
    "name": "Leserbrev",
    "prodsys_mappe": "leserbrev",
    "section": 4,
    "template": null
  }
},
{
  "pk": 4,
  "model": "stories.storytype",
  "fields": {
    "name": "Omverden",
    "prodsys_mappe": "omverden",
    "section": 1,
    "template": null
  }
},
{
  "pk": 5,
  "model": "stories.storytype",
  "fields": {
    "name": "Studietid",
    "prodsys_mappe": "studietid",
    "section": 9,
    "template": null
  }
},
{
  "pk": 6,
  "model": "stories.storytype",
  "fields": {
    "name": "Velkomstbilag",
    "prodsys_mappe": "velkomstbilag",
    "section": 2,
    "template": null
  }
},
{
  "pk": 7,
  "model": "stories.storytype",
  "fields": {
    "name": "Kommentar",
    "prodsys_mappe": "kommentar",
    "section": 7,
    "template": null
  }
},
{
  "pk": 8,
  "model": "stories.storytype",
  "fields": {
    "name": "Anmeldelse",
    "prodsys_mappe": "anmeldelser",
    "section": 8,
    "template": null
  }
},
{
  "pk": 9,
  "model": "stories.storytype",
  "fields": {
    "name": "Kronikk",
    "prodsys_mappe": "kronikk",
    "section": 4,
    "template": null
  }
},
{
  "pk": 10,
  "model": "stories.storytype",
  "fields": {
    "name": "Kultur",
    "prodsys_mappe": "kultur",
    "section": 3,
    "template": null
  }
},
{
  "pk": 11,
  "model": "stories.storytype",
  "fields": {
    "name": "Leder",
    "prodsys_mappe": "leder",
    "section": 7,
    "template": null
  }
},
{
  "pk": 12,
  "model": "stories.storytype",
  "fields": {
    "name": "Magasin",
    "prodsys_mappe": "magasin",
    "section": 2,
    "template": null
  }
},
{
  "pk": 13,
  "model": "stories.storytype",
  "fields": {
    "name": "Petit",
    "prodsys_mappe": "petit",
    "section": 2,
    "template": null
  }
},
{
  "pk": 14,
  "model": "stories.storytype",
  "fields": {
    "name": "Min studietid",
    "prodsys_mappe": "minstudietid",
    "section": 9,
    "template": null
  }
},
{
  "pk": 15,
  "model": "stories.storytype",
  "fields": {
    "name": "Ad Notam",
    "prodsys_mappe": "adnotam",
    "section": 6,
    "template": null
  }
},
{
  "pk": 16,
  "model": "stories.storytype",
  "fields": {
    "name": "Hva skjer",
    "prodsys_mappe": "hvaskjer",
    "section": 8,
    "template": null
  }
},
{
  "pk": 17,
  "model": "stories.storytype",
  "fields": {
    "name": "Nett",
    "prodsys_mappe": "nett",
    "section": 5,
    "template": null
  }
},
{
  "pk": 18,
  "model": "stories.storytype",
  "fields": {
    "name": "News",
    "prodsys_mappe": "news",
    "section": 1,
    "template": null
  }
},
{
  "pk": 19,
  "model": "stories.storytype",
  "fields": {
    "name": "\u00d8yeblikket",
    "prodsys_mappe": "oyeblikket",
    "section": 7,
    "template": null
  }
},
{
  "pk": 20,
  "model": "stories.storytype",
  "fields": {
    "name": "SMS",
    "prodsys_mappe": "sms",
    "section": 4,
    "template": null
  }
},
{
  "pk": 21,
  "model": "stories.storytype",
  "fields": {
    "name": "Debatt",
    "prodsys_mappe": "debatt",
    "section": 4,
    "template": null
  }
},
{
  "pk": 22,
  "model": "stories.storytype",
  "fields": {
    "name": "Reportasje",
    "prodsys_mappe": "reportasje",
    "section": 9,
    "template": null
  }
},
{
  "pk": 23,
  "model": "stories.storytype",
  "fields": {
    "name": "Akademia",
    "prodsys_mappe": "akademia",
    "section": 3,
    "template": null
  }
},
{
  "pk": 24,
  "model": "stories.storytype",
  "fields": {
    "name": "Universitas Melder",
    "prodsys_mappe": "universitasmelder",
    "section": 10,
    "template": null
  }
},
{
  "pk": 25,
  "model": "stories.storytype",
  "fields": {
    "name": "Camillas Kollektion",
    "prodsys_mappe": "camillaskollektion",
    "section": 2,
    "template": null
  }
},
{
  "pk": 26,
  "model": "stories.storytype",
  "fields": {
    "name": "Tassen",
    "prodsys_mappe": "tassen",
    "section": 10,
    "template": null
  }
},
{
  "pk": 27,
  "model": "stories.storytype",
  "fields": {
    "name": "Reisebilag",
    "prodsys_mappe": "reisebilag",
    "section": 2,
    "template": null
  }
},
{
  "pk": 28,
  "model": "stories.storytype",
  "fields": {
    "name": "Sletta",
    "prodsys_mappe": "sletta",
    "section": 1,
    "template": null
  }
},
{
  "pk": 29,
  "model": "stories.storytype",
  "fields": {
    "name": "New Story Type - nettnett",
    "prodsys_mappe": "nett\r\nnett",
    "section": 10,
    "template": null
  }
},
{
  "pk": 30,
  "model": "stories.storytype",
  "fields": {
    "name": "New Story Type (nyhetsnotis)",
    "prodsys_mappe": "nyhetsnotis",
    "section": 11,
    "template": null
  }
},
{
  "pk": 31,
  "model": "stories.storytype",
  "fields": {
    "name": "New Story Type (novanoir)",
    "prodsys_mappe": "novanoir",
    "section": 11,
    "template": null
  }
},
{
  "pk": 32,
  "model": "stories.storytype",
  "fields": {
    "name": "New Story Type (novatilr\u00e5r)",
    "prodsys_mappe": "novatilr\u00e5r",
    "section": 11,
    "template": null
  }
},
{
  "pk": 33,
  "model": "stories.storytype",
  "fields": {
    "name": "New Story Type (kulturnotis)",
    "prodsys_mappe": "kulturnotis",
    "section": 11,
    "template": null
  }
},
{
  "pk": 34,
  "model": "stories.storytype",
  "fields": {
    "name": "New Story Type (quiz)",
    "prodsys_mappe": "quiz",
    "section": 11,
    "template": null
  }
},
{
  "pk": 35,
  "model": "stories.storytype",
  "fields": {
    "name": "New Story Type (fempaaPlassen)",
    "prodsys_mappe": "fempaaPlassen",
    "section": 11,
    "template": null
  }
}
]
